{
  "asr": [
    {
      "key": "file",
      "data_type": "string",
      "data_class": "Value",
      "mandatory": true
    },
    {
      "key": "audio",
      "data_type": "string",
      "data_class": "Audio",
      "mandatory": true
    },
    {
      "key": "text",
      "data_type": "string",
      "data_class": "Value",
      "mandatory": true
    },
    {
      "key": "phonetic_detail",
      "data_type": [
        {
          "key": "start",
          "data_type": "int64",
          "data_class": "Value"
        },
        {
          "key": "stop",
          "data_type": "int64",
          "data_class": "Value"
        },
        {
          "key": "utterance",
          "data_type": "string",
          "data_class": "Value"
        }
      ],
      "data_class": "Sequence",
      "mandatory": true
    },
    {
      "key": "word_detail",
      "data_type": [
        {
          "key": "start",
          "data_type": "int64",
          "data_class": "Value"
        },
        {
          "key": "stop",
          "data_type": "int64",
          "data_class": "Value"
        },
        {
          "key": "utterance",
          "data_type": "string",
          "data_class": "Value"
        }
      ],
      "data_class": "Sequence",
      "mandatory": true
    },
    {
      "key": "dialect_region",
      "data_type": "string",
      "data_class": "Value",
      "mandatory": true
    },
    {
      "key": "sentence_type",
      "data_type": "string",
      "data_class": "Value",
      "mandatory": true
    },
    {
      "key": "speaker_id",
      "data_type": "string",
      "data_class": "Value",
      "mandatory": true
    },
    {
      "key": "id",
      "data_type": "string",
      "data_class": "Value",
      "mandatory": true
    }
  ]
}